"CustomerKey","Customer ID","Customer Name","Segment"
"AA-10315","AA-10315","Alex Avila","Consumer"
"AA-10375","AA-10375","Allen Armold","Consumer"
"AA-10480","AA-10480","Andrew Allen","Consumer"
"AA-10645","AA-10645","Anna Andreadi","Consumer"
"AB-10015","AB-10015","Aaron Bergman","Consumer"
"AB-10060","AB-10060","Adam Bellavance","Home Office"
"AB-10105","AB-10105","Adrian Barton","Consumer"
"AB-10150","AB-10150","Aimee Bixby","Consumer"
"AB-10165","AB-10165","Alan Barnes","Consumer"
"AB-10255","AB-10255","Alejandro Ballentine","Home Office"
"AB-10600","AB-10600","Ann Blume","Corporate"
"AC-10420","AC-10420","Alyssa Crouse","Corporate"
"AC-10450","AC-10450","Amy Cox","Consumer"
"AC-10615","AC-10615","Ann Chong","Corporate"
"AC-10660","AC-10660","Anna Chung","Consumer"
"AD-10180","AD-10180","Alan Dominguez","Home Office"
"AF-10870","AF-10870","Art Ferguson","Consumer"
"AF-10885","AF-10885","Art Foster","Consumer"
"AG-10270","AG-10270","Alejandro Grove","Consumer"
"AG-10300","AG-10300","Aleksandra Gannaway","Corporate"
"AG-10330","AG-10330","Alex Grayson","Consumer"
"AG-10390","AG-10390","Allen Goldenen","Consumer"
"AG-10495","AG-10495","Andrew Gjertsen","Corporate"
"AG-10675","AG-10675","Anna Gayman","Consumer"
"AG-10765","AG-10765","Anthony Garverick","Home Office"
"AG-10900","AG-10900","Arthur Gainer","Consumer"
"AH-10030","AH-10030","Aaron Hawkins","Corporate"
"AH-10075","AH-10075","Adam Hart","Corporate"
"AH-10120","AH-10120","Adrian Hane","Home Office"
"AH-10195","AH-10195","Alan Haines","Corporate"
"AH-10210","AH-10210","Alan Hwang","Consumer"
"AH-10465","AH-10465","Amy Hunt","Consumer"
"AH-10585","AH-10585","Angele Hood","Consumer"
"AH-10690","AH-10690","Anna H?berlin","Corporate"
"AI-10855","AI-10855","Arianne Irving","Consumer"
"AJ-10780","AJ-10780","Anthony Jacobs","Corporate"
"AJ-10795","AJ-10795","Anthony Johnson","Corporate"
"AJ-10945","AJ-10945","Ashley Jarboe","Consumer"
"AJ-10960","AJ-10960","Astrea Jones","Consumer"
"AM-10360","AM-10360","Alice McCarthy","Corporate"
"AM-10705","AM-10705","Anne McFarland","Consumer"
"AO-10810","AO-10810","Anthony O'Donnell","Corporate"
"AP-10720","AP-10720","Anne Pryor","Home Office"
"AP-10915","AP-10915","Arthur Prichep","Consumer"
"AR-10345","AR-10345","Alex Russell","Corporate"
"AR-10405","AR-10405","Allen Rosenblatt","Corporate"
"AR-10510","AR-10510","Andrew Roberts","Consumer"
"AR-10540","AR-10540","Andy Reiter","Consumer"
"AR-10570","AR-10570","Anemone Ratner","Consumer"
"AR-10825","AR-10825","Anthony Rawles","Corporate"
"AS-10045","AS-10045","Aaron Smayling","Corporate"
"AS-10090","AS-10090","Adam Shillingsburg","Consumer"
"AS-10135","AS-10135","Adrian Shami","Home Office"
"AS-10225","AS-10225","Alan Schoenberger","Corporate"
"AS-10240","AS-10240","Alan Shonely","Consumer"
"AS-10285","AS-10285","Alejandro Savely","Corporate"
"AS-10630","AS-10630","Ann Steele","Home Office"
"AT-10435","AT-10435","Alyssa Tate","Home Office"
"AT-10735","AT-10735","Annie Thurman","Consumer"
"AW-10840","AW-10840","Anthony Witt","Consumer"
"AW-10930","AW-10930","Arthur Wiediger","Home Office"
"AY-10555","AY-10555","Andy Yotov","Corporate"
"AZ-10750","AZ-10750","Annie Zypern","Consumer"
"BB-10990","BB-10990","Barry Blumstein","Corporate"
"BB-11545","BB-11545","Brenda Bowman","Corporate"
"BC-11125","BC-11125","Becky Castell","Home Office"
"BD-11320","BD-11320","Bill Donatelli","Consumer"
"BD-11500","BD-11500","Bradley Drucker","Consumer"
"BD-11560","BD-11560","Brendan Dodson","Home Office"
"BD-11605","BD-11605","Brian Dahlen","Consumer"
"BD-11620","BD-11620","Brian DeCherney","Consumer"
"BD-11635","BD-11635","Brian Derr","Consumer"
"BD-11725","BD-11725","Bruce Degenhardt","Consumer"
"BD-11770","BD-11770","Bryan Davis","Consumer"
"BE-11335","BE-11335","Bill Eplett","Home Office"
"BE-11410","BE-11410","Bobby Elias","Consumer"
"BE-11455","BE-11455","Brad Eason","Home Office"
"BF-10975","BF-10975","Barbara Fisher","Corporate"
"BF-11005","BF-11005","Barry Franz","Home Office"
"BF-11020","BF-11020","Barry Franz?sisch","Corporate"
"BF-11080","BF-11080","Bart Folk","Consumer"
"BF-11170","BF-11170","Ben Ferrer","Home Office"
"BF-11215","BF-11215","Benjamin Farhat","Home Office"
"BF-11275","BF-11275","Beth Fritzler","Corporate"
"BG-11035","BG-11035","Barry Gonzalez","Consumer"
"BG-11695","BG-11695","Brooke Gillingham","Corporate"
"BG-11740","BG-11740","Bruce Geld","Consumer"
"BH-11710","BH-11710","Brosina Hoffman","Consumer"
"BK-11260","BK-11260","Berenike Kampe","Consumer"
"BM-11140","BM-11140","Becky Martin","Consumer"
"BM-11575","BM-11575","Brendan Murry","Corporate"
"BM-11650","BM-11650","Brian Moss","Corporate"
"BM-11785","BM-11785","Bryan Mills","Consumer"
"BN-11470","BN-11470","Brad Norvell","Corporate"
"BN-11515","BN-11515","Bradley Nguyen","Consumer"
"BO-11350","BO-11350","Bill Overfelt","Corporate"
"BO-11425","BO-11425","Bobby Odegard","Consumer"
"BP-11050","BP-11050","Barry Pond","Corporate"
"BP-11095","BP-11095","Bart Pistole","Corporate"
"BP-11155","BP-11155","Becky Pak","Consumer"
"BP-11185","BP-11185","Ben Peterman","Corporate"
"BP-11230","BP-11230","Benjamin Patterson","Consumer"
"BP-11290","BP-11290","Beth Paige","Consumer"
"BS-11365","BS-11365","Bill Shonely","Corporate"
"BS-11380","BS-11380","Bill Stewart","Corporate"
"BS-11590","BS-11590","Brendan Sweed","Corporate"
"BS-11665","BS-11665","Brian Stugart","Consumer"
"BS-11755","BS-11755","Bruce Stewart","Consumer"
"BS-11800","BS-11800","Bryan Spruell","Home Office"
"BT-11305","BT-11305","Beth Thompson","Home Office"
"BT-11395","BT-11395","Bill Tyler","Corporate"
"BT-11440","BT-11440","Bobby Trafton","Consumer"
"BT-11485","BT-11485","Brad Thomas","Home Office"
"BT-11530","BT-11530","Bradley Talbott","Home Office"
"BT-11680","BT-11680","Brian Thompson","Consumer"
"BV-11245","BV-11245","Benjamin Venier","Corporate"
"BW-11065","BW-11065","Barry Weirich","Consumer"
"BW-11110","BW-11110","Bart Watters","Corporate"
"BW-11200","BW-11200","Ben Wallace","Consumer"
"CA-11965","CA-11965","Carol Adams","Corporate"
"CA-12055","CA-12055","Cathy Armstrong","Home Office"
"CA-12265","CA-12265","Christina Anderson","Consumer"
"CA-12310","CA-12310","Christine Abelman","Corporate"
"CA-12775","CA-12775","Cynthia Arntzen","Consumer"
"CB-12025","CB-12025","Cassandra Brandow","Consumer"
"CB-12415","CB-12415","Christy Brittain","Consumer"
"CB-12535","CB-12535","Claudia Bergmann","Corporate"
"CC-12100","CC-12100","Chad Cunningham","Home Office"
"CC-12145","CC-12145","Charles Crestani","Consumer"
"CC-12220","CC-12220","Chris Cortes","Consumer"
"CC-12370","CC-12370","Christopher Conant","Consumer"
"CC-12430","CC-12430","Chuck Clark","Home Office"
"CC-12475","CC-12475","Cindy Chapman","Consumer"
"CC-12550","CC-12550","Clay Cheatham","Consumer"
"CC-12610","CC-12610","Corey Catlett","Corporate"
"CC-12670","CC-12670","Craig Carreira","Consumer"
"CD-11920","CD-11920","Carlos Daly","Consumer"
"CD-11980","CD-11980","Carol Darley","Consumer"
"CD-12280","CD-12280","Christina DeMoss","Consumer"
"CD-12790","CD-12790","Cynthia Delaney","Home Office"
"CG-12040","CG-12040","Catherine Glotzbach","Home Office"
"CG-12520","CG-12520","Claire Gute","Consumer"
"CH-12070","CH-12070","Cathy Hwang","Home Office"
"CJ-11875","CJ-11875","Carl Jackson","Corporate"
"CJ-12010","CJ-12010","Caroline Jumper","Consumer"
"CK-12205","CK-12205","Chloris Kastensmidt","Consumer"
"CK-12325","CK-12325","Christine Kargatis","Home Office"
"CK-12595","CK-12595","Clytie Kelty","Consumer"
"CK-12760","CK-12760","Cyma Kinney","Corporate"
"CL-11890","CL-11890","Carl Ludwig","Consumer"
"CL-12565","CL-12565","Clay Ludtke","Consumer"
"CL-12700","CL-12700","Craig Leslie","Home Office"
"CM-11815","CM-11815","Candace McMahon","Corporate"
"CM-11935","CM-11935","Carlos Meador","Consumer"
"CM-12115","CM-12115","Chad McGuire","Consumer"
"CM-12160","CM-12160","Charles McCrossin","Consumer"
"CM-12190","CM-12190","Charlotte Melton","Consumer"
"CM-12235","CM-12235","Chris McAfee","Consumer"
"CM-12385","CM-12385","Christopher Martinez","Consumer"
"CM-12445","CM-12445","Chuck Magee","Consumer"
"CM-12655","CM-12655","Corinna Mitchell","Home Office"
"Co-12640","Co-12640","Corey-Lock","Consumer"
"CP-12085","CP-12085","Cathy Prescott","Corporate"
"CP-12340","CP-12340","Christine Phan","Corporate"
"CR-12580","CR-12580","Clay Rozendal","Home Office"
"CR-12625","CR-12625","Corey Roper","Home Office"
"CR-12730","CR-12730","Craig Reiter","Consumer"
"CR-12820","CR-12820","Cyra Reiten","Home Office"
"CS-11845","CS-11845","Cari Sayre","Corporate"
"CS-11860","CS-11860","Cari Schnelling","Consumer"
"CS-11950","CS-11950","Carlos Soltero","Consumer"
"CS-12130","CS-12130","Chad Sievert","Consumer"
"CS-12175","CS-12175","Charles Sheldon","Corporate"
"CS-12250","CS-12250","Chris Selesnick","Corporate"
"CS-12355","CS-12355","Christine Sundaresam","Consumer"
"CS-12400","CS-12400","Christopher Schild","Home Office"
"CS-12460","CS-12460","Chuck Sachs","Consumer"
"CS-12490","CS-12490","Cindy Schnelling","Corporate"
"CS-12505","CS-12505","Cindy Stewart","Consumer"
"CT-11995","CT-11995","Carol Triggs","Consumer"
"CV-12295","CV-12295","Christina VanderZanden","Consumer"
"CV-12805","CV-12805","Cynthia Voltz","Corporate"
"CW-11905","CW-11905","Carl Weiss","Home Office"
"CY-12745","CY-12745","Craig Yedwab","Corporate"
"DA-13450","DA-13450","Dianna Arnett","Home Office"
"DB-12910","DB-12910","Daniel Byrd","Home Office"
"DB-12970","DB-12970","Darren Budd","Corporate"
"DB-13060","DB-13060","Dave Brooks","Consumer"
"DB-13120","DB-13120","David Bremer","Corporate"
"DB-13210","DB-13210","Dean Braden","Consumer"
"DB-13270","DB-13270","Deborah Brumfield","Home Office"
"DB-13360","DB-13360","Dennis Bolton","Home Office"
"DB-13405","DB-13405","Denny Blanton","Consumer"
"DB-13555","DB-13555","Dorothy Badders","Corporate"
"DB-13615","DB-13615","Doug Bickford","Consumer"
"DB-13660","DB-13660","Duane Benoit","Consumer"
"DC-12850","DC-12850","Dan Campbell","Consumer"
"DC-13285","DC-13285","Debra Catini","Consumer"
"DD-13570","DD-13570","Dorothy Dickinson","Consumer"
"DE-13255","DE-13255","Deanra Eno","Home Office"
"DF-13135","DF-13135","David Flashing","Consumer"
"DG-13300","DG-13300","Deirdre Greer","Corporate"
"DH-13075","DH-13075","Dave Hallsten","Corporate"
"DJ-13420","DJ-13420","Denny Joy","Corporate"
"DJ-13510","DJ-13510","Don Jones","Corporate"
"DJ-13630","DJ-13630","Doug Jacobs","Consumer"
"DK-12835","DK-12835","Damala Kotsonis","Corporate"
"DK-12895","DK-12895","Dana Kaydos","Consumer"
"DK-12985","DK-12985","Darren Koutras","Consumer"
"DK-13090","DK-13090","Dave Kipp","Consumer"
"DK-13150","DK-13150","David Kendrick","Corporate"
"DK-13225","DK-13225","Dean Katz","Corporate"
"DK-13375","DK-13375","Dennis Kane","Consumer"
"DL-12865","DL-12865","Dan Lawera","Consumer"
"DL-12925","DL-12925","Daniel Lacy","Consumer"
"DL-13315","DL-13315","Delfina Latchford","Consumer"
"DL-13330","DL-13330","Denise Leinenbach","Consumer"
"DL-13495","DL-13495","Dionis Lloyd","Corporate"
"Dl-13600","Dl-13600","Dorris liebe","Corporate"
"DM-12955","DM-12955","Dario Medina","Corporate"
"DM-13015","DM-13015","Darrin Martin","Consumer"
"DM-13345","DM-13345","Denise Monton","Corporate"
"DM-13525","DM-13525","Don Miller","Corporate"
"DN-13690","DN-13690","Duane Noonan","Consumer"
"DO-13435","DO-13435","Denny Ordway","Consumer"
"DO-13645","DO-13645","Doug O'Connell","Consumer"
"DP-13000","DP-13000","Darren Powers","Consumer"
"DP-13105","DP-13105","Dave Poirier","Corporate"
"Dp-13240","Dp-13240","Dean percer","Home Office"
"DP-13390","DP-13390","Dennis Pardue","Home Office"
"DR-12880","DR-12880","Dan Reichenbach","Corporate"
"DR-12940","DR-12940","Daniel Raglin","Home Office"
"DS-13030","DS-13030","Darrin Sayre","Home Office"
"DS-13180","DS-13180","David Smith","Corporate"
"DV-13045","DV-13045","Darrin Van Huff","Corporate"
"DV-13465","DV-13465","Dianna Vittorini","Consumer"
"DW-13195","DW-13195","David Wiener","Corporate"
"DW-13480","DW-13480","Dianna Wilson","Home Office"
"DW-13540","DW-13540","Don Weiss","Consumer"
"DW-13585","DW-13585","Dorothy Wardle","Corporate"
"EA-14035","EA-14035","Erin Ashbrook","Corporate"
"EB-13705","EB-13705","Ed Braxton","Corporate"
"EB-13750","EB-13750","Edward Becker","Corporate"
"EB-13840","EB-13840","Ellis Ballard","Corporate"
"EB-13870","EB-13870","Emily Burns","Consumer"
"EB-13930","EB-13930","Eric Barreto","Consumer"
"EB-13975","EB-13975","Erica Bern","Corporate"
"EB-14110","EB-14110","Eugene Barchas","Consumer"
"EB-14170","EB-14170","Evan Bailliet","Consumer"
"EC-14050","EC-14050","Erin Creighton","Consumer"
"ED-13885","ED-13885","Emily Ducich","Home Office"
"EG-13900","EG-13900","Emily Grady","Consumer"
"EH-13765","EH-13765","Edward Hooks","Corporate"
"EH-13945","EH-13945","Eric Hoffmann","Consumer"
"EH-13990","EH-13990","Erica Hackney","Consumer"
"EH-14005","EH-14005","Erica Hernandez","Home Office"
"EH-14125","EH-14125","Eugene Hildebrand","Home Office"
"EH-14185","EH-14185","Evan Henry","Consumer"
"EJ-13720","EJ-13720","Ed Jacobs","Consumer"
"EJ-14155","EJ-14155","Eva Jacobs","Consumer"
"EK-13795","EK-13795","Eileen Kiefer","Home Office"
"EL-13735","EL-13735","Ed Ludwig","Home Office"
"EM-13810","EM-13810","Eleni McCrary","Corporate"
"EM-13825","EM-13825","Elizabeth Moffitt","Corporate"
"EM-13960","EM-13960","Eric Murdock","Consumer"
"EM-14065","EM-14065","Erin Mull","Consumer"
"EM-14095","EM-14095","Eudokia Martin","Corporate"
"EM-14140","EM-14140","Eugene Moren","Home Office"
"EM-14200","EM-14200","Evan Minnotte","Home Office"
"EN-13780","EN-13780","Edward Nazzal","Consumer"
"EP-13915","EP-13915","Emily Phan","Consumer"
"ER-13855","ER-13855","Elpida Rittenbach","Corporate"
"ES-14020","ES-14020","Erica Smith","Consumer"
"ES-14080","ES-14080","Erin Smith","Corporate"
"FA-14230","FA-14230","Frank Atkinson","Corporate"
"FC-14245","FC-14245","Frank Carlisle","Home Office"
"FC-14335","FC-14335","Fred Chung","Corporate"
"FG-14260","FG-14260","Frank Gastineau","Home Office"
"FH-14275","FH-14275","Frank Hawley","Corporate"
"FH-14350","FH-14350","Fred Harton","Consumer"
"FH-14365","FH-14365","Fred Hopkins","Corporate"
"FM-14215","FM-14215","Filia McAdams","Corporate"
"FM-14290","FM-14290","Frank Merwin","Home Office"
"FM-14380","FM-14380","Fred McMath","Consumer"
"FO-14305","FO-14305","Frank Olsen","Consumer"
"FP-14320","FP-14320","Frank Preis","Consumer"
"FW-14395","FW-14395","Fred Wasserman","Corporate"
"GA-14515","GA-14515","George Ashbrook","Consumer"
"GA-14725","GA-14725","Guy Armstrong","Consumer"
"GB-14530","GB-14530","George Bell","Corporate"
"GB-14575","GB-14575","Giulietta Baptist","Consumer"
"GD-14590","GD-14590","Giulietta Dortch","Corporate"
"GG-14650","GG-14650","Greg Guthrie","Corporate"
"GH-14410","GH-14410","Gary Hansen","Home Office"
"GH-14425","GH-14425","Gary Hwang","Consumer"
"GH-14485","GH-14485","Gene Hale","Corporate"
"GH-14665","GH-14665","Greg Hansen","Consumer"
"GK-14620","GK-14620","Grace Kelly","Corporate"
"GM-14440","GM-14440","Gary McGarr","Consumer"
"GM-14455","GM-14455","Gary Mitchum","Home Office"
"GM-14500","GM-14500","Gene McClure","Consumer"
"GM-14680","GM-14680","Greg Matthias","Consumer"
"GM-14695","GM-14695","Greg Maxwell","Corporate"
"GT-14635","GT-14635","Grant Thornton","Corporate"
"GT-14710","GT-14710","Greg Tran","Consumer"
"GT-14755","GT-14755","Guy Thornton","Consumer"
"GW-14605","GW-14605","Giulietta Weimer","Consumer"
"GZ-14470","GZ-14470","Gary Zandusky","Consumer"
"GZ-14545","GZ-14545","George Zrebassa","Corporate"
"HA-14905","HA-14905","Helen Abelman","Consumer"
"HA-14920","HA-14920","Helen Andreada","Consumer"
"HE-14800","HE-14800","Harold Engle","Corporate"
"HF-14995","HF-14995","Herbert Flentye","Consumer"
"HG-14845","HG-14845","Harry Greene","Consumer"
"HG-14965","HG-14965","Henry Goldwyn","Corporate"
"HG-15025","HG-15025","Hunter Glantz","Consumer"
"HH-15010","HH-15010","Hilary Holden","Corporate"
"HJ-14875","HJ-14875","Heather Jas","Home Office"
"HK-14890","HK-14890","Heather Kirkland","Corporate"
"HL-15040","HL-15040","Hunter Lopez","Consumer"
"HM-14860","HM-14860","Harry Marie","Corporate"
"HM-14980","HM-14980","Henry MacAllister","Consumer"
"HP-14815","HP-14815","Harold Pawlan","Home Office"
"HR-14770","HR-14770","Hallie Redmond","Home Office"
"HR-14830","HR-14830","Harold Ryan","Corporate"
"HW-14935","HW-14935","Helen Wasserman","Corporate"
"HZ-14950","HZ-14950","Henia Zydlo","Consumer"
"IG-15085","IG-15085","Ivan Gibson","Consumer"
"IL-15100","IL-15100","Ivan Liston","Consumer"
"IM-15055","IM-15055","Ionia McGrath","Consumer"
"IM-15070","IM-15070","Irene Maddox","Consumer"
"JA-15970","JA-15970","Joseph Airdo","Consumer"
"JB-15400","JB-15400","Jennifer Braxton","Corporate"
"JB-16000","JB-16000","Joy Bell-","Consumer"
"JB-16045","JB-16045","Julia Barnett","Home Office"
"JC-15340","JC-15340","Jasper Cacioppo","Consumer"
"JC-15385","JC-15385","Jenna Caffey","Consumer"
"JC-15775","JC-15775","John Castell","Consumer"
"JC-16105","JC-16105","Julie Creighton","Corporate"
"JD-15790","JD-15790","John Dryer","Consumer"
"JD-15895","JD-15895","Jonathan Doherty","Corporate"
"JD-16015","JD-16015","Joy Daniels","Consumer"
"JD-16060","JD-16060","Julia Dunbar","Consumer"
"JD-16150","JD-16150","Justin Deggeller","Corporate"
"JE-15475","JE-15475","Jeremy Ellison","Consumer"
"JE-15610","JE-15610","Jim Epp","Corporate"
"JE-15715","JE-15715","Joe Elijah","Consumer"
"JE-15745","JE-15745","Joel Eaton","Consumer"
"JE-16165","JE-16165","Justin Ellison","Corporate"
"JF-15190","JF-15190","Jamie Frazer","Consumer"
"JF-15295","JF-15295","Jason Fortune-","Consumer"
"JF-15355","JF-15355","Jay Fein","Consumer"
"JF-15415","JF-15415","Jennifer Ferguson","Consumer"
"JF-15490","JF-15490","Jeremy Farry","Consumer"
"JF-15565","JF-15565","Jill Fjeld","Consumer"
"JG-15160","JG-15160","James Galang","Consumer"
"JG-15310","JG-15310","Jason Gross","Corporate"
"JG-15805","JG-15805","John Grady","Corporate"
"JH-15430","JH-15430","Jennifer Halladay","Consumer"
"JH-15820","JH-15820","John Huston","Consumer"
"JH-15910","JH-15910","Jonathan Howell","Consumer"
"JH-15985","JH-15985","Joseph Holt","Consumer"
"JH-16180","JH-16180","Justin Hirsh","Consumer"
"JJ-15445","JJ-15445","Jennifer Jackson","Consumer"
"JK-15205","JK-15205","Jamie Kunitz","Consumer"
"JK-15325","JK-15325","Jason Klamczynski","Corporate"
"JK-15370","JK-15370","Jay Kimmel","Consumer"
"JK-15625","JK-15625","Jim Karlsson","Consumer"
"JK-15640","JK-15640","Jim Kriz","Home Office"
"JK-15730","JK-15730","Joe Kamberova","Consumer"
"JK-16090","JK-16090","Juliana Krohn","Consumer"
"JK-16120","JK-16120","Julie Kriz","Home Office"
"JL-15130","JL-15130","Jack Lebron","Consumer"
"JL-15175","JL-15175","James Lanier","Home Office"
"JL-15235","JL-15235","Janet Lee","Consumer"
"JL-15505","JL-15505","Jeremy Lonsdale","Consumer"
"JL-15835","JL-15835","John Lee","Consumer"
"JL-15850","JL-15850","John Lucas","Consumer"
"JM-15250","JM-15250","Janet Martin","Consumer"
"JM-15265","JM-15265","Janet Molinari","Corporate"
"JM-15535","JM-15535","Jessica Myrick","Consumer"
"JM-15580","JM-15580","Jill Matthias","Consumer"
"JM-15655","JM-15655","Jim Mitchum","Corporate"
"JM-15865","JM-15865","John Murray","Consumer"
"JM-16195","JM-16195","Justin MacKendrick","Consumer"
"JO-15145","JO-15145","Jack O'Briant","Corporate"
"JO-15280","JO-15280","Jas O'Carroll","Consumer"
"JO-15550","JO-15550","Jesus Ocampo","Home Office"
"JP-15460","JP-15460","Jennifer Patt","Corporate"
"JP-15520","JP-15520","Jeremy Pistek","Consumer"
"JP-16135","JP-16135","Julie Prescott","Home Office"
"JR-15670","JR-15670","Jim Radford","Consumer"
"JR-15700","JR-15700","Jocasta Rupert","Consumer"
"JR-16210","JR-16210","Justin Ritter","Corporate"
"JS-15595","JS-15595","Jill Stevenson","Corporate"
"JS-15685","JS-15685","Jim Sink","Corporate"
"JS-15880","JS-15880","John Stevenson","Consumer"
"JS-15940","JS-15940","Joni Sundaresam","Home Office"
"JS-16030","JS-16030","Joy Smith","Consumer"
"JW-15220","JW-15220","Jane Waco","Corporate"
"JW-15955","JW-15955","Joni Wasserman","Consumer"
"JW-16075","JW-16075","Julia West","Consumer"
"KA-16525","KA-16525","Kelly Andreada","Consumer"
"KB-16240","KB-16240","Karen Bern","Corporate"
"KB-16315","KB-16315","Karl Braun","Consumer"
"KB-16405","KB-16405","Katrina Bavinger","Home Office"
"KB-16585","KB-16585","Ken Black","Corporate"
"KB-16600","KB-16600","Ken Brennan","Corporate"
"KC-16255","KC-16255","Karen Carlisle","Corporate"
"KC-16540","KC-16540","Kelly Collister","Consumer"
"KC-16675","KC-16675","Kimberly Carter","Corporate"
"KD-16270","KD-16270","Karen Daniels","Consumer"
"KD-16345","KD-16345","Katherine Ducich","Consumer"
"KD-16495","KD-16495","Keith Dawkins","Corporate"
"KD-16615","KD-16615","Ken Dana","Corporate"
"KE-16420","KE-16420","Katrina Edelman","Corporate"
"KF-16285","KF-16285","Karen Ferguson","Home Office"
"KH-16330","KH-16330","Katharine Harms","Corporate"
"KH-16360","KH-16360","Katherine Hughes","Consumer"
"KH-16510","KH-16510","Keith Herrera","Consumer"
"KH-16630","KH-16630","Ken Heidel","Corporate"
"KH-16690","KH-16690","Kristen Hastings","Corporate"
"KL-16555","KL-16555","Kelly Lampkin","Corporate"
"KL-16645","KL-16645","Ken Lonsdale","Consumer"
"KM-16225","KM-16225","Kalyca Meade","Corporate"
"KM-16375","KM-16375","Katherine Murray","Home Office"
"KM-16660","KM-16660","Khloe Miller","Consumer"
"KM-16720","KM-16720","Kunst Miller","Consumer"
"KN-16390","KN-16390","Katherine Nockton","Corporate"
"KN-16450","KN-16450","Kean Nguyen","Corporate"
"KN-16705","KN-16705","Kristina Nunn","Home Office"
"KS-16300","KS-16300","Karen Seio","Corporate"
"KT-16465","KT-16465","Kean Takahito","Consumer"
"KT-16480","KT-16480","Kean Thornton","Consumer"
"KW-16435","KW-16435","Katrina Willman","Consumer"
"LA-16780","LA-16780","Laura Armstrong","Corporate"
"LB-16735","LB-16735","Larry Blacks","Consumer"
"LB-16795","LB-16795","Laurel Beltran","Home Office"
"LC-16870","LC-16870","Lena Cacioppo","Consumer"
"LC-16885","LC-16885","Lena Creighton","Consumer"
"LC-16930","LC-16930","Linda Cazamias","Corporate"
"LC-16960","LC-16960","Lindsay Castell","Home Office"
"LC-17050","LC-17050","Liz Carlisle","Consumer"
"LC-17140","LC-17140","Logan Currie","Consumer"
"LD-16855","LD-16855","Lela Donovan","Corporate"
"LD-17005","LD-17005","Lisa DeCherney","Consumer"
"LE-16810","LE-16810","Laurel Elliston","Consumer"
"LF-17185","LF-17185","Luke Foster","Consumer"
"LH-16750","LH-16750","Larry Hughes","Consumer"
"LH-16900","LH-16900","Lena Hernandez","Consumer"
"LH-17020","LH-17020","Lisa Hazard","Consumer"
"LH-17155","LH-17155","Logan Haushalter","Consumer"
"LL-16840","LL-16840","Lauren Leatherbury","Consumer"
"LM-17065","LM-17065","Liz MacKendrick","Consumer"
"LO-17170","LO-17170","Lori Olson","Corporate"
"LP-17080","LP-17080","Liz Pelletier","Consumer"
"LP-17095","LP-17095","Liz Preis","Consumer"
"LR-16915","LR-16915","Lena Radford","Consumer"
"LR-17035","LR-17035","Lisa Ryan","Corporate"
"LS-16945","LS-16945","Linda Southworth","Corporate"
"LS-16975","LS-16975","Lindsay Shagiari","Home Office"
"LS-17200","LS-17200","Luke Schmidt","Corporate"
"LS-17245","LS-17245","Lynn Smith","Consumer"
"LT-16765","LT-16765","Larry Tron","Consumer"
"LT-17110","LT-17110","Liz Thompson","Consumer"
"LW-16825","LW-16825","Laurel Workman","Corporate"
"LW-16990","LW-16990","Lindsay Williams","Corporate"
"LW-17125","LW-17125","Liz Willingham","Consumer"
"LW-17215","LW-17215","Luke Weiss","Consumer"
"MA-17560","MA-17560","Matt Abelman","Home Office"
"MA-17995","MA-17995","Michelle Arnett","Home Office"
"MB-17305","MB-17305","Maria Bertelson","Consumer"
"MB-18085","MB-18085","Mick Brown","Consumer"
"MC-17275","MC-17275","Marc Crier","Consumer"
"MC-17425","MC-17425","Mark Cousins","Corporate"
"MC-17575","MC-17575","Matt Collins","Consumer"
"MC-17590","MC-17590","Matt Collister","Corporate"
"MC-17605","MC-17605","Matt Connell","Corporate"
"MC-17635","MC-17635","Matthew Clasen","Corporate"
"MC-17845","MC-17845","Michael Chen","Consumer"
"MC-18100","MC-18100","Mick Crebagga","Consumer"
"MC-18130","MC-18130","Mike Caudle","Corporate"
"MD-17350","MD-17350","Maribeth Dona","Consumer"
"MD-17860","MD-17860","Michael Dominguez","Corporate"
"ME-17320","ME-17320","Maria Etezadi","Home Office"
"ME-17725","ME-17725","Max Engle","Consumer"
"ME-18010","ME-18010","Michelle Ellison","Corporate"
"MF-17665","MF-17665","Maureen Fritzler","Corporate"
"MF-18250","MF-18250","Monica Federle","Corporate"
"MG-17650","MG-17650","Matthew Grinstein","Home Office"
"MG-17680","MG-17680","Maureen Gastineau","Home Office"
"MG-17695","MG-17695","Maureen Gnade","Consumer"
"MG-17875","MG-17875","Michael Grace","Home Office"
"MG-17890","MG-17890","Michael Granlund","Home Office"
"MG-18145","MG-18145","Mike Gockenbach","Consumer"
"MG-18205","MG-18205","Mitch Gastineau","Corporate"
"MH-17290","MH-17290","Marc Harrigan","Home Office"
"MH-17440","MH-17440","Mark Haberlin","Corporate"
"MH-17455","MH-17455","Mark Hamilton","Consumer"
"MH-17620","MH-17620","Matt Hagelstein","Corporate"
"MH-17785","MH-17785","Maya Herman","Corporate"
"MH-18025","MH-18025","Michelle Huthwaite","Consumer"
"MH-18115","MH-18115","Mick Hernandez","Home Office"
"MJ-17740","MJ-17740","Max Jones","Consumer"
"MK-17905","MK-17905","Michael Kennedy","Corporate"
"MK-18160","MK-18160","Mike Kennedy","Consumer"
"ML-17395","ML-17395","Marina Lichtenstein","Corporate"
"ML-17410","ML-17410","Maris LaWare","Consumer"
"ML-17755","ML-17755","Max Ludwig","Home Office"
"ML-18040","ML-18040","Michelle Lonsdale","Corporate"
"ML-18265","ML-18265","Muhammed Lee","Consumer"
"MM-17260","MM-17260","Magdelene Morse","Consumer"
"MM-17920","MM-17920","Michael Moore","Consumer"
"MM-18055","MM-18055","Michelle Moray","Consumer"
"MM-18280","MM-18280","Muhammed MacIntyre","Corporate"
"MN-17935","MN-17935","Michael Nguyen","Consumer"
"MO-17500","MO-17500","Mary O'Rourke","Consumer"
"MO-17800","MO-17800","Meg O'Connel","Home Office"
"MO-17950","MO-17950","Michael Oakman","Consumer"
"MP-17470","MP-17470","Mark Packer","Home Office"
"MP-17965","MP-17965","Michael Paige","Corporate"
"MP-18175","MP-18175","Mike Pelletier","Home Office"
"MR-17545","MR-17545","Mathew Reese","Home Office"
"MS-17365","MS-17365","Maribeth Schnelling","Consumer"
"MS-17530","MS-17530","MaryBeth Skach","Consumer"
"MS-17710","MS-17710","Maurice Satty","Consumer"
"MS-17770","MS-17770","Maxwell Schwartz","Consumer"
"MS-17830","MS-17830","Melanie Seite","Consumer"
"MS-17980","MS-17980","Michael Stewart","Corporate"
"MT-17815","MT-17815","Meg Tillman","Consumer"
"MT-18070","MT-18070","Michelle Tran","Home Office"
"MV-17485","MV-17485","Mark Van Huff","Consumer"
"MV-18190","MV-18190","Mike Vittorini","Consumer"
"MW-18220","MW-18220","Mitch Webber","Consumer"
"MW-18235","MW-18235","Mitch Willingham","Corporate"
"MY-17380","MY-17380","Maribeth Yedwab","Corporate"
"MY-18295","MY-18295","Muhammed Yedwab","Corporate"
"MZ-17335","MZ-17335","Maria Zettner","Home Office"
"MZ-17515","MZ-17515","Mary Zewe","Corporate"
"NB-18655","NB-18655","Nona Balk","Corporate"
"NC-18340","NC-18340","Nat Carroll","Consumer"
"NC-18415","NC-18415","Nathan Cano","Consumer"
"NC-18535","NC-18535","Nick Crebassa","Corporate"
"NC-18625","NC-18625","Noah Childs","Corporate"
"ND-18370","ND-18370","Natalie DeCherney","Consumer"
"ND-18460","ND-18460","Neil Ducich","Corporate"
"NF-18385","NF-18385","Natalie Fritzler","Consumer"
"NF-18475","NF-18475","Neil Franz?sisch","Home Office"
"NF-18595","NF-18595","Nicole Fjeld","Home Office"
"NG-18355","NG-18355","Nat Gilpin","Corporate"
"NG-18430","NG-18430","Nathan Gelder","Consumer"
"NH-18610","NH-18610","Nicole Hansen","Corporate"
"NK-18490","NK-18490","Neil Knudson","Home Office"
"NL-18310","NL-18310","Nancy Lomonaco","Home Office"
"NM-18445","NM-18445","Nathan Mautz","Home Office"
"NM-18520","NM-18520","Neoma Murray","Consumer"
"NP-18325","NP-18325","Naresj Patel","Consumer"
"NP-18670","NP-18670","Nora Paige","Consumer"
"NP-18685","NP-18685","Nora Pelletier","Home Office"
"NP-18700","NP-18700","Nora Preis","Consumer"
"NR-18550","NR-18550","Nick Radford","Consumer"
"NS-18505","NS-18505","Neola Schneider","Consumer"
"NS-18640","NS-18640","Noel Staavos","Corporate"
"NW-18400","NW-18400","Natalie Webber","Consumer"
"NZ-18565","NZ-18565","Nick Zandusky","Home Office"
"ON-18715","ON-18715","Odella Nelson","Corporate"
"OT-18730","OT-18730","Olvera Toch","Consumer"
"PA-19060","PA-19060","Pete Armstrong","Home Office"
"PB-18805","PB-18805","Patrick Bzostek","Home Office"
"PB-19105","PB-19105","Peter B?hler","Consumer"
"PB-19150","PB-19150","Philip Brown","Consumer"
"PB-19210","PB-19210","Phillip Breyer","Corporate"
"PC-18745","PC-18745","Pamela Coakley","Corporate"
"PF-19165","PF-19165","Philip Fox","Consumer"
"PF-19225","PF-19225","Phillip Flathmann","Consumer"
"PG-18820","PG-18820","Patrick Gardner","Consumer"
"PG-18895","PG-18895","Paul Gonzalez","Consumer"
"PH-18790","PH-18790","Patricia Hirasaki","Home Office"
"PJ-18835","PJ-18835","Patrick Jones","Corporate"
"PJ-19015","PJ-19015","Pauline Johnson","Consumer"
"PK-18910","PK-18910","Paul Knutson","Home Office"
"PK-19075","PK-19075","Pete Kriz","Consumer"
"PL-18925","PL-18925","Paul Lucas","Home Office"
"PM-18940","PM-18940","Paul MacIntyre","Consumer"
"PM-19135","PM-19135","Peter McVee","Home Office"
"PN-18775","PN-18775","Parhena Norris","Home Office"
"PO-18850","PO-18850","Patrick O'Brill","Consumer"
"PO-18865","PO-18865","Patrick O'Donnell","Consumer"
"PO-19180","PO-19180","Philisse Overcash","Home Office"
"PO-19195","PO-19195","Phillina Ober","Home Office"
"PP-18955","PP-18955","Paul Prost","Home Office"
"PR-18880","PR-18880","Patrick Ryan","Consumer"
"PS-18760","PS-18760","Pamela Stobb","Consumer"
"PS-18970","PS-18970","Paul Stevenson","Home Office"
"PS-19045","PS-19045","Penelope Sewall","Home Office"
"PT-19090","PT-19090","Pete Takahito","Consumer"
"PV-18985","PV-18985","Paul Van Hugh","Home Office"
"PW-19030","PW-19030","Pauline Webber","Corporate"
"PW-19240","PW-19240","Pierre Wener","Consumer"
"QJ-19255","QJ-19255","Quincy Jones","Corporate"
"RA-19285","RA-19285","Ralph Arnett","Consumer"
"RA-19885","RA-19885","Ruben Ausman","Corporate"
"RA-19915","RA-19915","Russell Applegate","Consumer"
"RA-19945","RA-19945","Ryan Akin","Consumer"
"RB-19330","RB-19330","Randy Bradley","Consumer"
"RB-19360","RB-19360","Raymond Buch","Consumer"
"RB-19435","RB-19435","Richard Bierner","Consumer"
"RB-19465","RB-19465","Rick Bensley","Home Office"
"RB-19570","RB-19570","Rob Beeghly","Consumer"
"RB-19645","RB-19645","Robert Barroso","Corporate"
"RB-19705","RB-19705","Roger Barcio","Home Office"
"RB-19795","RB-19795","Ross Baird","Home Office"
"RC-19825","RC-19825","Roy Collins","Consumer"
"RC-19960","RC-19960","Ryan Crowe","Consumer"
"RD-19480","RD-19480","Rick Duston","Consumer"
"RD-19585","RD-19585","Rob Dowd","Consumer"
"RD-19660","RD-19660","Robert Dilbeck","Home Office"
"RD-19720","RD-19720","Roger Demir","Consumer"
"RD-19810","RD-19810","Ross DeVincentis","Home Office"
"RD-19900","RD-19900","Ruben Dartt","Consumer"
"RD-19930","RD-19930","Russell D'Ascenzo","Consumer"
"RE-19450","RE-19450","Richard Eichhorn","Consumer"
"RF-19345","RF-19345","Randy Ferguson","Corporate"
"RF-19735","RF-19735","Roland Fjeld","Consumer"
"RF-19840","RF-19840","Roy Franz?sisch","Consumer"
"RH-19495","RH-19495","Rick Hansen","Consumer"
"RH-19510","RH-19510","Rick Huthwaite","Home Office"
"RH-19555","RH-19555","Ritsa Hightower","Consumer"
"RH-19600","RH-19600","Rob Haberlin","Consumer"
"RK-19300","RK-19300","Ralph Kennedy","Consumer"
"RL-19615","RL-19615","Rob Lucas","Consumer"
"RM-19375","RM-19375","Raymond Messe","Consumer"
"RM-19675","RM-19675","Robert Marley","Home Office"
"RM-19750","RM-19750","Roland Murray","Consumer"
"RO-19780","RO-19780","Rose O'Brian","Consumer"
"RP-19270","RP-19270","Rachel Payne","Corporate"
"RP-19390","RP-19390","Resi P?lking","Consumer"
"RP-19855","RP-19855","Roy Phan","Corporate"
"RR-19315","RR-19315","Ralph Ritter","Consumer"
"RR-19525","RR-19525","Rick Reed","Corporate"
"RS-19420","RS-19420","Ricardo Sperren","Corporate"
"RS-19765","RS-19765","Roland Schwarz","Corporate"
"RS-19870","RS-19870","Roy Skaria","Home Office"
"RW-19540","RW-19540","Rick Wilson","Corporate"
"RW-19630","RW-19630","Rob Williams","Corporate"
"RW-19690","RW-19690","Robert Waldorf","Consumer"
"SA-20830","SA-20830","Sue Ann Reed","Consumer"
"SB-20190","SB-20190","Sarah Bern","Consumer"
"SB-20205","SB-20205","Sarah Brown","Consumer"
"SB-20290","SB-20290","Sean Braxton","Corporate"
"SC-20050","SC-20050","Sample Company A","Home Office"
"SC-20095","SC-20095","Sanjit Chand","Consumer"
"SC-20230","SC-20230","Scot Coram","Corporate"
"SC-20260","SC-20260","Scott Cohen","Corporate"
"SC-20305","SC-20305","Sean Christensen","Consumer"
"SC-20380","SC-20380","Shahid Collister","Consumer"
"SC-20440","SC-20440","Shaun Chance","Corporate"
"SC-20575","SC-20575","Sonia Cooley","Consumer"
"SC-20680","SC-20680","Steve Carroll","Home Office"
"SC-20695","SC-20695","Steve Chapman","Corporate"
"SC-20725","SC-20725","Steven Cartwright","Consumer"
"SC-20770","SC-20770","Stewart Carmichael","Corporate"
"SC-20800","SC-20800","Stuart Calhoun","Consumer"
"SC-20845","SC-20845","Sung Chung","Consumer"
"SD-20485","SD-20485","Shirley Daniels","Home Office"
"SE-20110","SE-20110","Sanjit Engle","Consumer"
"SF-20065","SF-20065","Sandra Flanagan","Consumer"
"SF-20200","SF-20200","Sarah Foster","Consumer"
"SF-20965","SF-20965","Sylvia Foulston","Corporate"
"SG-20080","SG-20080","Sandra Glassco","Consumer"
"SG-20470","SG-20470","Sheri Gordon","Consumer"
"SG-20605","SG-20605","Speros Goranitis","Consumer"
"SG-20890","SG-20890","Susan Gilcrest","Corporate"
"SH-19975","SH-19975","Sally Hughsby","Corporate"
"SH-20395","SH-20395","Shahid Hopkins","Consumer"
"SJ-20125","SJ-20125","Sanjit Jacobs","Home Office"
"SJ-20215","SJ-20215","Sarah Jordon","Consumer"
"SJ-20500","SJ-20500","Shirley Jackson","Consumer"
"SK-19990","SK-19990","Sally Knutson","Consumer"
"SL-20155","SL-20155","Sara Luxemburg","Home Office"
"SM-20005","SM-20005","Sally Matthias","Consumer"
"SM-20320","SM-20320","Sean Miller","Home Office"
"SM-20905","SM-20905","Susan MacKendrick","Consumer"
"SM-20950","SM-20950","Suzanne McNair","Corporate"
"SN-20560","SN-20560","Skye Norling","Home Office"
"SN-20710","SN-20710","Steve Nguyen","Home Office"
"SO-20335","SO-20335","Sean O'Donnell","Consumer"
"SP-20545","SP-20545","Sibella Parks","Corporate"
"SP-20620","SP-20620","Stefania Perrino","Corporate"
"SP-20650","SP-20650","Stephanie Phelps","Corporate"
"SP-20860","SP-20860","Sung Pak","Corporate"
"SP-20920","SP-20920","Susan Pistek","Consumer"
"SR-20425","SR-20425","Sharelle Roach","Home Office"
"SR-20740","SR-20740","Steven Roelle","Home Office"
"SS-20140","SS-20140","Saphhira Shifley","Corporate"
"SS-20410","SS-20410","Shahid Shariari","Consumer"
"SS-20515","SS-20515","Shirley Schmidt","Home Office"
"SS-20590","SS-20590","Sonia Sunley","Consumer"
"SS-20875","SS-20875","Sung Shariari","Consumer"
"ST-20530","ST-20530","Shui Tom","Consumer"
"SU-20665","SU-20665","Stephanie Ulpright","Home Office"
"SV-20365","SV-20365","Seth Vernon","Consumer"
"SV-20785","SV-20785","Stewart Visinsky","Consumer"
"SV-20815","SV-20815","Stuart Van","Corporate"
"SV-20935","SV-20935","Susan Vittorini","Consumer"
"SW-20245","SW-20245","Scot Wooten","Consumer"
"SW-20275","SW-20275","Scott Williamson","Consumer"
"SW-20350","SW-20350","Sean Wendt","Home Office"
"SW-20455","SW-20455","Shaun Weien","Consumer"
"SW-20755","SW-20755","Steven Ward","Corporate"
"SZ-20035","SZ-20035","Sam Zeldin","Home Office"
"TA-21385","TA-21385","Tom Ashbrook","Home Office"
"TB-21055","TB-21055","Ted Butterfield","Consumer"
"TB-21175","TB-21175","Thomas Boland","Corporate"
"TB-21190","TB-21190","Thomas Brumley","Home Office"
"TB-21250","TB-21250","Tim Brockman","Consumer"
"TB-21280","TB-21280","Toby Braunhardt","Consumer"
"TB-21355","TB-21355","Todd Boyes","Corporate"
"TB-21400","TB-21400","Tom Boeckenhauer","Consumer"
"TB-21520","TB-21520","Tracy Blumstein","Consumer"
"TB-21595","TB-21595","Troy Blackwell","Consumer"
"TB-21625","TB-21625","Trudy Brown","Consumer"
"TC-20980","TC-20980","Tamara Chand","Corporate"
"TC-21145","TC-21145","Theresa Coyne","Corporate"
"TC-21295","TC-21295","Toby Carlisle","Consumer"
"TC-21475","TC-21475","Tony Chapman","Home Office"
"TC-21535","TC-21535","Tracy Collins","Home Office"
"TD-20995","TD-20995","Tamara Dahlen","Consumer"
"TG-21310","TG-21310","Toby Gnade","Consumer"
"TG-21640","TG-21640","Trudy Glocke","Consumer"
"TH-21100","TH-21100","Thea Hendricks","Consumer"
"TH-21115","TH-21115","Thea Hudgings","Corporate"
"TH-21235","TH-21235","Tiffany House","Corporate"
"TH-21550","TH-21550","Tracy Hopkins","Home Office"
"TM-21010","TM-21010","Tamara Manning","Consumer"
"TM-21490","TM-21490","Tony Molinari","Consumer"
"TN-21040","TN-21040","Tanja Norvell","Home Office"
"TP-21130","TP-21130","Theone Pippenger","Consumer"
"TP-21415","TP-21415","Tom Prescott","Consumer"
"TP-21565","TP-21565","Tracy Poddar","Corporate"
"TR-21325","TR-21325","Toby Ritter","Consumer"
"TS-21085","TS-21085","Thais Sissman","Consumer"
"TS-21160","TS-21160","Theresa Swint","Corporate"
"TS-21205","TS-21205","Thomas Seio","Corporate"
"TS-21340","TS-21340","Toby Swindell","Consumer"
"TS-21370","TS-21370","Todd Sumrall","Corporate"
"TS-21430","TS-21430","Tom Stivers","Corporate"
"TS-21505","TS-21505","Tony Sayre","Consumer"
"TS-21610","TS-21610","Troy Staebel","Consumer"
"TS-21655","TS-21655","Trudy Schmidt","Consumer"
"TT-21070","TT-21070","Ted Trevino","Consumer"
"TT-21220","TT-21220","Thomas Thornton","Consumer"
"TT-21265","TT-21265","Tim Taslimi","Corporate"
"TT-21460","TT-21460","Tonja Turnell","Home Office"
"TW-21025","TW-21025","Tamara Willingham","Home Office"
"TZ-21580","TZ-21580","Tracy Zic","Consumer"
"VB-21745","VB-21745","Victoria Brennan","Corporate"
"VD-21670","VD-21670","Valerie Dominguez","Consumer"
"VF-21715","VF-21715","Vicky Freymann","Home Office"
"VG-21790","VG-21790","Vivek Gonzalez","Consumer"
"VG-21805","VG-21805","Vivek Grady","Corporate"
"VM-21685","VM-21685","Valerie Mitchum","Home Office"
"VM-21835","VM-21835","Vivian Mathis","Consumer"
"VP-21730","VP-21730","Victor Preis","Home Office"
"VP-21760","VP-21760","Victoria Pisteka","Corporate"
"VS-21820","VS-21820","Vivek Sundaresam","Consumer"
"VW-21775","VW-21775","Victoria Wilson","Corporate"
"WB-21850","WB-21850","William Brown","Consumer"
"XP-21865","XP-21865","Xylona Preis","Consumer"
"YC-21895","YC-21895","Yoseph Carroll","Corporate"
"YS-21880","YS-21880","Yana Sorensen","Corporate"
"ZC-21910","ZC-21910","Zuschuss Carroll","Consumer"
"ZD-21925","ZD-21925","Zuschuss Donatelli","Consumer"
